feature,corr_with_label,abs_corr_with_label,mutual_info,f_classif,p_value_f_classif,score_combined
char_tfidf_51,-0.12503040454603256,0.12503040454603256,3.419621050904098e-05,7.098744976593439,0.007992721629306676,0.8814907450796284
char_tfidf_13,-0.09458555805775137,0.09458555805775137,0.026191185885079404,4.035153432330419,0.045162479618916646,0.8813300611563721
char_tfidf_64,0.07488182493761639,0.07488182493761639,0.047915677675041346,2.5205912851013377,0.11307551104189466,0.8509926493121264
word_tfidf_81,0.041573576436905235,0.041573576436905235,0.0,0.7739155356190615,0.37948116050522973,0.8105927852471152
lsa_5,0.01366003144484021,0.01366003144484021,0.028166161277849655,0.0834241838633991,0.7728434961567978,0.8003897224936293
char_tfidf_56,0.1405852195424622,0.1405852195424622,0.021943776957330963,9.012728573047632,0.0028313031339187427,0.7966076351751713
char_tfidf_38,-0.23875290521498274,0.23875290521498274,0.0663191610831122,27.020570775728967,3.068368403827308e-07,0.786564813225505
char_tfidf_116,-0.11076637536373185,0.11076637536373185,0.04450854515144753,5.552451978107266,0.01888549853387109,0.7719143844933644
char_tfidf_86,0.014846505355962788,0.014846505355962788,0.0029452259899425126,0.0985488904346511,0.7537244697436432,0.7588447664060687
word_tfidf_44,-0.06928789657847,0.06928789657847,0.0,2.156315303388477,0.142688145656986,0.7306138209599707
word_tfidf_53,0.06682742010164154,0.06682742010164154,0.0,2.0052142169640366,0.15745557042235342,0.7281024620999265
char_tfidf_9,0.08593183211540566,0.08593183211540566,0.005906554866375702,3.3253282113495333,0.06888804120288229,0.72320860504947
word_tfidf_17,-0.029947751412756303,0.029947751412756303,0.0,0.4012597901531823,0.5267633312073545,0.7184026348762454
char_tfidf_81,0.10703571738951131,0.10703571738951131,0.0,5.180471040895178,0.02331436348891315,0.6979242106636993
lsa_7,0.08438136649083586,0.08438136649083586,0.012039230225749709,3.205560389055136,0.0740649821731634,0.6952541950327946
char_tfidf_63,-0.1976484850897358,0.1976484850897358,0.0035270794961785867,18.171904955039587,2.4636515145162316e-05,0.6483771968046425
word_tfidf_55,-0.09852837469836898,0.09852837469836898,0.0008604386389050589,4.381943971134462,0.036884555719991344,0.6355570510711572
char_tfidf_104,-0.0461569987547399,0.0461569987547399,0.0059591035499497735,0.954352653015783,0.3291422274229536,0.6345174775075222
char_tfidf_112,-9.554769162382539e-05,9.554769162382539e-05,0.0030630907511022265,4.080824569121248e-06,0.9983890916431742,0.6232079769398706
char_tfidf_58,-0.1628676082943343,0.1628676082943343,0.03388405253957116,12.180147306507338,0.0005309358446542045,0.6207693288911522
char_tfidf_45,-0.1725541032888223,0.1725541032888223,0.004188372337403212,13.717836048311598,0.00023901041213621063,0.6166078881666164
word_tfidf_3,-0.11061414544510957,0.11061414544510957,0.0,5.537011706919028,0.019050728768276466,0.6092549377458943
char_tfidf_80,-0.014306845896955099,0.014306845896955099,0.04335701770522671,0.09151330174209057,0.7624027648464624,0.5879469849485338
lex_ugc_hits,-0.25430733958689045,0.25430733958689045,0.04666428223928265,30.907329362456505,4.662164096422636e-08,0.5819271986766168
char_tfidf_30,-0.024443806560177278,0.024443806560177278,0.0,0.2672420336099777,0.6054435506579772,0.5567856352606321
word_tfidf_37,0.09249016788287885,0.09249016788287885,0.0,3.856823658752179,0.050163364132322794,0.5421273268827017
word_tfidf_75,0.005874821189156054,0.005874821189156054,0.004796331049326419,0.015428077707265167,0.9012049872851359,0.539858568655164
word_tfidf_63,-0.1575099576608307,0.1575099576608307,0.0,11.371926403123243,0.0008104477250940233,0.5267129967787615
char_tfidf_21,0.24554762038239145,0.24554762038239145,0.06146586264947884,28.68050628780827,1.368373176521517e-07,0.5161395363127922
char_tfidf_121,0.2411826816957194,0.2411826816957194,0.04588647568295956,27.607483500207707,2.3051206382552417e-07,0.5139618443715296
char_tfidf_79,-0.006184979840319913,0.006184979840319913,0.011509743781169979,0.017100181254342994,0.8960179359550453,0.4631253252650461
char_tfidf_127,-0.19716281864347723,0.19716281864347723,0.03479808121957695,18.079102288028,2.581763573366032e-05,0.45903831521632715
word_tfidf_85,0.029922965188059907,0.029922965188059907,0.01691772813233916,0.40059526553488634,0.5271056489369448,0.44162159462730793
char_tfidf_70,0.03050448692877424,0.03050448692877424,0.0,0.4163315104331379,0.5191042864824529,0.4369478954849449
word_tfidf_54,-0.09837228439619482,0.09837228439619482,0.0,4.367935509181664,0.037185905484988555,0.4234945231587663
word_tfidf_56,-0.16241816032717316,0.16241816032717316,0.0204092132676279,12.11119672266921,0.0005503891373298717,0.42289793983574836
lsa_19,-0.07793332777697483,0.07793332777697483,0.015028248021144108,2.7314907917892084,0.09908956350469629,0.41636039942964537
lsa_4,0.22215973295281202,0.22215973295281202,0.08344194211708333,23.20704369504693,1.9953603021917003e-06,0.4151856251323269
char_tfidf_28,-0.13414940252246832,0.13414940252246832,0.0,8.19165737778775,0.004405959717227247,0.4143663110808397
char_tfidf_8,0.19873982660895945,0.19873982660895945,0.013407812831867316,18.38141097351134,2.2166585248992702e-05,0.4128319631188495
char_tfidf_75,-0.05286624269847575,0.05286624269847575,0.0,1.2527946689961564,0.2636204651749508,0.38662819497653383
char_tfidf_82,0.02197222331772435,0.02197222331772435,0.01012961413789415,0.21590626801847207,0.6424032414096887,0.37986917030368206
char_tfidf_109,-0.04801247839556414,0.04801247839556414,0.005970698238098038,1.0328043611450533,0.31005065737663473,0.37537683786499293
char_tfidf_47,0.011572332236899616,0.011572332236899616,0.044313002941732904,0.05986975410034873,0.8068141975834477,0.36829859281043237
book_武动,0.10008751032966158,0.10008751032966158,0.01577530687054085,4.52313741970844,0.033986576487961884,0.36721114172188957
lsa_10,-0.221520118796653,0.221520118796653,0.012889508491668034,23.06672068657991,2.138701021230275e-06,0.3620293728668356
word_tfidf_52,-0.06691531155116821,0.06691531155116821,0.0,2.0105159418764367,0.15690890930835302,0.36155497227036126
char_tfidf_66,-0.13008083076936106,0.13008083076936106,0.0065947533183985385,7.69388548215517,0.005772752930513411,0.36142057183948717
char_tfidf_12,0.22177698754710537,0.22177698754710537,0.03622955064376354,23.123015666067687,2.079989365100341e-06,0.35706525718944765
char_tfidf_113,-0.012057346782962733,0.012057346782962733,0.0,0.06499413513789705,0.7988870986633587,0.35128613716372925
word_tfidf_64,-0.14972341157664656,0.14972341157664656,0.019598244990703284,10.250223984257564,0.0014641797133094511,0.34855026096837
char_tfidf_11,-0.059450054926467315,0.059450054926467315,0.004656116071573457,1.585439570140183,0.2086360295728754,0.3458500016404032
lex_poss_hits,0.16014324533458754,0.16014324533458754,0.01728862519557972,11.765433637196113,0.0006594100479414466,0.3384683745433213
word_tfidf_43,-0.23810556918371897,0.23810556918371897,0.042161897307473994,26.86545213208196,3.309607306999787e-07,0.3355901651570396
char_tfidf_65,-0.0633790553741233,0.0633790553741233,0.0018534306181239302,1.8027980509640984,0.18005601498170742,0.3313915575652441
char_tfidf_97,-0.13685004382683819,0.13685004382683819,0.011966226537859947,8.531157681679677,0.0036678664423626995,0.3278830769874416
char_tfidf_32,-0.09546705822872323,0.09546705822872323,0.013851380984121642,4.111410997574844,0.04318753276079125,0.326946839197215
char_tfidf_0,-0.10777130413906827,0.10777130413906827,0.010551191731421605,5.252759318142096,0.02237606426068056,0.32624570149241744
sentiment_sent_std,-0.12418438317044857,0.12418438317044857,0.01660423454483473,7.001502678584892,0.008431368189238345,0.3252600899846044
word_tfidf_76,0.03347334662470023,0.03347334662470023,0.0,0.5014096375295655,0.47925045828105894,0.3214650099103898
word_tfidf_20,0.004442664834306072,0.004442664834306072,0.0,0.008822734197682217,0.9252073179990827,0.31324026627631674
char_tfidf_76,0.0019809873363071198,0.0019809873363071198,0.0,0.0017541738234272553,0.9666107825633897,0.31175551045936456
word_tfidf_13,0.21941847079733304,0.21941847079733304,0.03871273744698134,22.609077971670466,2.6823742742810366e-06,0.3112900752610663
char_tfidf_61,-0.11138277731713925,0.11138277731713925,0.015011577082122196,5.615199878879466,0.018229158967655295,0.30438681735153356
lsa_18,0.055572583994818604,0.055572583994818604,0.0,1.3847520515670277,0.2399196023697846,0.2925075681574673
word_tfidf_25,-0.04912485651050343,0.04912485651050343,0.009808704239002264,1.0813329610680706,0.2989616841840247,0.28975974280352507
lsa_14,-0.1066031555028383,0.1066031555028383,0.0,5.138203788976055,0.02388187482616165,0.2868780411918878
word_tfidf_51,-0.060938244764767335,0.060938244764767335,0.013446376559823836,1.6661079862118482,0.19744784727781464,0.2797517344266582
char_tfidf_94,-0.03898943773349023,0.03898943773349023,0.0,0.6805533469219368,0.40983625961100245,0.27959736834627086
word_tfidf_11,0.22488147491364716,0.22488147491364716,0.040652595782277645,23.809633048521768,1.4818857591639645e-06,0.2792085324330695
word_tfidf_92,0.23752509463131402,0.23752509463131402,0.02045406304507491,26.726799375290028,3.541364010907669e-07,0.275107375150395
char_tfidf_119,0.1604138705590046,0.1604138705590046,0.01888652253077483,11.806283087551224,0.0006454649516734414,0.27403965274424785
char_tfidf_16,-0.033661277965137786,0.033661277965137786,0.03845377687810325,0.5070620331853045,0.4767849368979047,0.2725531953932138
lsa_24,0.07395678151935214,0.07395678151935214,0.017553086685808017,2.4583599322039866,0.1176083832296262,0.27211777013140703
char_tfidf_118,-0.10974006062585612,0.10974006062585612,0.0,5.448786856249394,0.02002405224526151,0.25981824255503877
char_tfidf_20,-0.036955980534147795,0.036955980534147795,0.0,0.6113227008811948,0.4347041689026696,0.25509131221053066
word_tfidf_95,-0.2543984339296901,0.2543984339296901,0.033187933635210776,30.931008149408488,4.6092704481117705e-08,0.2550373319476628
lsa_11,0.11626992696881466,0.11626992696881466,0.014935054224788136,6.125668119648106,0.013693138359725559,0.25258232122987706
char_tfidf_2,-0.10471028068364495,0.10471028068364495,0.025440105819584335,4.955348209062252,0.026507929300672844,0.2502227238038079
word_tfidf_46,-0.0006875408762602634,0.0006875408762602634,0.01305761624146129,0.0002113025679961909,0.9884086444712904,0.25017533705287026
word_tfidf_88,-0.1047193474640619,0.1047193474640619,0.010786034316281556,4.956215921035557,0.026494780693587065,0.24712421896423972
lsa_8,-0.17920092566774462,0.17920092566774462,0.0161434586122553,14.830758092608889,0.0001347775369319081,0.24489598199947768
word_tfidf_26,0.23323771343102023,0.23323771343102023,0.030616077778742756,25.715651538952432,5.806870640379259e-07,0.244066978741773
lsa_13,0.00916943763151085,0.00916943763151085,0.025055320932442227,0.03758628835773686,0.8463643070878466,0.23563642866729995
word_tfidf_33,-0.27351025196297823,0.27351025196297823,0.056473300661200154,36.14288424384958,3.812161269673173e-09,0.23256760911218644
word_tfidf_0,0.07593809411768991,0.07593809411768991,0.057813317230952066,2.592618156451159,0.10806864580968205,0.22446812339607458
char_tfidf_108,-0.027653494130807466,0.027653494130807466,0.027798103633473348,0.3420895359780677,0.5589206833182356,0.22409470929684247
lex_poss_density,0.17339971201558438,0.17339971201558438,0.0003749790505049866,13.856793255507407,0.0002224651002786878,0.22383141647070723
book_元尊,-0.2567914131854475,0.2567914131854475,0.048114742208535066,31.55691893936211,3.410138267693703e-08,0.22060434671339535
char_tfidf_120,0.22236900124249645,0.22236900124249645,0.03919864150681018,23.253060504296577,1.950493206540353e-06,0.2194510074581811
char_tfidf_41,-0.12046618499909566,0.12046618499909566,0.017646844643911308,6.582434430597949,0.01062404672691321,0.21491253686195202
char_tfidf_31,-0.07919079520936037,0.07919079520936037,0.0,2.820908807177912,0.09374245915550994,0.2140319712344955
lsa_30,-0.024268935379134146,0.024268935379134146,0.00019802120836853732,0.2634297625072303,0.6080271643938563,0.21339674141963536
lsa_9,-0.20187123866500878,0.20187123866500878,0.035556554471356305,18.99002406270066,1.6317763060445274e-05,0.2118593222521261
word_tfidf_4,0.21941847079733304,0.21941847079733304,0.037060564770824866,22.609077971670466,2.6823742742810366e-06,0.2086901517186834
char_tfidf_123,0.007291788280792442,0.007291788280792442,0.024476676655211582,0.02376833258676691,0.8775454205476648,0.20749379071200205
char_tfidf_106,0.08662903270522992,0.08662903270522992,0.0,3.379916304183824,0.06665868691596351,0.19998351975055814
lsa_0,-0.16069458726787056,0.16069458726787056,0.030750982449399666,11.848736380453166,0.0006312890768360009,0.19868982722711462
word_tfidf_6,-0.08830855298971219,0.08830855298971219,0.008690396042952298,3.513283025631185,0.06153067486319801,0.1968528428399587
word_count,-0.12761108056531326,0.12761108056531326,0.0,7.39971204482533,0.006777766720226136,0.1960360538850189
word_tfidf_30,-0.12441588380207277,0.12441588380207277,0.0,7.028041780048225,0.008309255823761144,0.19542485498384488
char_tfidf_7,-0.11640740293707479,0.11640740293707479,0.00403827167734816,6.140361602368634,0.013581379134782244,0.19361900263990392
word_tfidf_66,-0.15442491548975923,0.15442491548975923,0.019236422749487003,10.920044263185451,0.0010278275262522677,0.191409560975037
word_tfidf_77,-0.09231438717183352,0.09231438717183352,0.012390628690811978,3.842051654303687,0.05060314019603859,0.19117556381301562
word_tfidf_42,-0.08494051782452577,0.08494051782452577,0.0,3.24849406345759,0.07216261214933994,0.18993084120954593
char_len,-0.12195405421805039,0.12195405421805039,0.006173680560347394,6.748506863516999,0.009692296356680756,0.18956405361759252
char_tfidf_33,0.02133776537528369,0.02133776537528369,0.011338317563152955,0.2036119078999065,0.6520399066243321,0.1865195493710867
word_tfidf_9,-0.016272378329227247,0.016272378329227247,0.0074622883153454556,0.11839261174555371,0.7309462158060943,0.18647451306519247
char_tfidf_124,-0.06779686919483979,0.06779686919483979,0.0,2.0640851089938943,0.1515049376554381,0.18634083890067288
word_tfidf_61,0.08943521710798076,0.08943521710798076,0.013950228127657116,3.6042291489702207,0.05827655816266775,0.18593020974075522
word_tfidf_34,-0.11836003588604464,0.11836003588604464,0.0,6.351039179308595,0.01207855245693991,0.1854449539017641
word_tfidf_94,-0.08598997833572926,0.08598997833572926,0.0041024752814808885,3.329863470043875,0.06869981000128643,0.1851999503906165
word_tfidf_86,0.08287093341473883,0.08287093341473883,0.004401275868719523,3.0910414578149434,0.07940875763685445,0.18329517720488156
word_tfidf_16,-0.02140632237318018,0.02140632237318018,0.014684021670562153,0.20492299697795566,0.6509957750270337,0.18233977627361772
char_tfidf_78,0.15190560028264008,0.15190560028264008,0.020932864575375687,10.55830026090732,0.0012439555568142838,0.18203654283827334
word_tfidf_59,-0.06552505304725531,0.06552505304725531,0.0,1.9274847805466029,0.1657253614236841,0.18158923564066365
char_tfidf_4,0.027659706906593903,0.027659706906593903,0.006046963024996854,0.34224338212476935,0.5588323352933924,0.18144475782198669
word_tfidf_91,-0.016022287536922038,0.016022287536922038,0.0,0.11478048869206396,0.7349249947429243,0.1814170662781839
word_tfidf_80,-0.14942630337653498,0.14942630337653498,0.010257973743827087,10.20865551050701,0.0014967890662969802,0.18043826000823524
word_tfidf_73,-0.024255513107103995,0.024255513107103995,0.0,0.2631382846166725,0.6082256724448036,0.17882391858421298
word_tfidf_72,-0.06751455104270972,0.06751455104270972,0.0,2.046851917616906,0.15321995533142532,0.17870818013032808
char_tfidf_15,-0.08851784937369866,0.08851784937369866,0.0,3.5300878010610393,0.060915079623233906,0.17859252389394717
lsa_16,-0.08534299445825069,0.08534299445825069,0.012302857893620178,3.2795783044839433,0.07081812354019076,0.17576160704569713
char_tfidf_26,0.14034005027927687,0.14034005027927687,0.0,8.98069003267667,0.002880367500373811,0.1748584456683542
lsa_31,-0.14870924076977582,0.14870924076977582,0.004101086515245322,10.108702186472447,0.001578256410905069,0.17284437575421954
char_tfidf_77,-0.14032017375250366,0.14032017375250366,0.0,8.978095230378301,0.00288437898242895,0.17152550395634933
char_tfidf_34,0.05333651458532113,0.05333651458532113,0.020358027978337745,1.275246152866799,0.2593904591764419,0.17084899811038934
char_tfidf_40,-0.09930156281177975,0.09930156281177975,0.005552327319025663,4.451674845450918,0.03542221913257427,0.17055009467150126
char_tfidf_37,0.0382641126637255,0.0382641126637255,0.00489084812399021,0.6554312607656283,0.4186082691979891,0.16950369531727902
word_tfidf_5,0.0773327409061337,0.0773327409061337,0.01695892037238167,2.689300675645503,0.101727645540489,0.16747798077965614
char_tfidf_68,0.11016323223492794,0.11016323223492794,0.0,5.491407548283068,0.019547562613863582,0.16173154298395256
char_tfidf_5,-0.005191923193428254,0.005191923193428254,0.008531660603305014,0.012049686513671472,0.9126402030677547,0.16033678249682784
word_tfidf_48,-0.10500013039494333,0.10500013039494333,0.0,4.983126344582684,0.026090360931834537,0.15956587764550986
lsa_27,-0.0022578452201524103,0.0022578452201524103,0.0,0.0022787572888569264,0.9619476995145902,0.15797957898026596
char_tfidf_44,-0.003584471250951236,0.003584471250951236,0.03462537724728243,0.005743323857261229,0.9396242780981074,0.15716046579639276
word_tfidf_14,-0.27572643305877753,0.27572643305877753,0.023665454703250877,36.779357531236684,2.8188027912554836e-09,0.15707032016287914
char_tfidf_122,0.099176822807907,0.099176822807907,0.0027401363837680215,4.44038668622643,0.035654750871986586,0.15631348969561754
char_tfidf_107,0.03530808539930743,0.03530808539930743,0.0,0.5579529980541094,0.4554789003171671,0.15582767457656982
word_tfidf_8,-0.04794392921383126,0.04794392921383126,0.003493239554804406,1.0298505311487491,0.3107427468178379,0.15293286335147613
char_tfidf_115,-0.006945934424452918,0.006945934424452918,0.0,0.02156700476971849,0.8833110327257584,0.15251316513281693
char_tfidf_39,-0.020546205154201694,0.020546205154201694,0.008906270020907936,0.1887791986553509,0.6641442878799059,0.1513551811323903
word_tfidf_68,0.09915806214445383,0.09915806214445383,0.0,4.43869024442698,0.03568983523032031,0.15073626876494717
char_tfidf_6,-0.16870690351968445,0.16870690351968445,0.008887609103529925,13.09523958674782,0.0003298674801452009,0.15065158789718827
char_tfidf_43,0.10467344921073875,0.10467344921073875,0.0,4.951824158189449,0.026561399930765804,0.15006460601392738
word_tfidf_69,0.0022997553967508285,0.0022997553967508285,0.0,0.00236413957717506,0.9612419207145064,0.1488508541828588
lsa_25,0.021360511150594227,0.021360511150594227,0.0008114036727009388,0.20404643272574896,0.651693410150025,0.1476038283421293
char_tfidf_125,-0.05798049455884483,0.05798049455884483,0.008068960794660907,1.507765486083464,0.2201265570423974,0.1473854766720832
char_tfidf_92,0.023236309939486267,0.023236309939486267,0.004629849304522926,0.2414773464446768,0.6233823202562203,0.14737106886946305
char_tfidf_100,0.07319707604538675,0.07319707604538675,0.0,2.4078427062978713,0.12143633210252386,0.14627218622118757
char_tfidf_126,-0.10402248690295958,0.10402248690295958,0.0,4.889753414448576,0.027521880765391384,0.1453407169676334
char_tfidf_85,-0.018133279104678046,0.018133279104678046,0.02005661117740254,0.14702901302052562,0.7015731619780767,0.14258286473841614
lsa_23,0.016266969195719114,0.016266969195719114,0.0,0.11831389375268571,0.731032195703684,0.14215748712722567
word_tfidf_7,-0.09716102290077298,0.09716102290077298,0.009530991215312978,4.260013830678853,0.03959614447835153,0.14030478760731716
char_tfidf_3,0.07855478196767698,0.07855478196767698,0.022275391307087444,2.7754988326201295,0.09641740429456655,0.140003391270764
word_tfidf_67,-0.010598154225047222,0.010598154225047222,0.03113337967740004,0.05021307019696617,0.8227953128593447,0.13853214775981568
char_tfidf_99,-0.005435756362478833,0.005435756362478833,0.0,0.0132080991784095,0.908554990536972,0.1378318973679669
word_tfidf_50,-0.08751985956040946,0.08751985956040946,0.0,3.4503259914864453,0.0638967145182976,0.13749711135601997
char_tfidf_67,-0.027485724231198456,0.027485724231198456,0.0,0.33794817935517796,0.5613089875341,0.13660854958263352
lsa_1,0.26244694583735684,0.26244694583735684,0.028364304591659062,33.0661908198135,1.652784721040607e-08,0.13644433492778185
char_tfidf_103,0.10079938376933438,0.10079938376933438,0.008500186242267338,4.588370761897041,0.03272932328114056,0.13489860673455897
char_tfidf_91,-0.13903719690496577,0.13903719690496577,0.0,8.811447026128594,0.0031543188903210726,0.13167586029059056
char_tfidf_27,0.00909073860031523,0.00909073860031523,0.0,0.036943816243190736,0.8476667687696642,0.13053924365891315
word_tfidf_78,-0.11162573009846603,0.11162573009846603,0.0,5.640032232186676,0.017975986043924422,0.1296378003243181
word_tfidf_15,-0.034310059202093,0.034310059202093,0.027605311571498925,0.526819694308951,0.4683268466319035,0.12774808435001564
char_tfidf_42,-0.16920667766709374,0.16920667766709374,0.025035672649452945,13.175230911547029,0.0003164689028518801,0.12548847640358365
char_tfidf_114,-0.06750908789640593,0.06750908789640593,0.0044915698488332545,2.046519159922527,0.1532532872248385,0.12546981671743293
char_tfidf_84,-0.14507612887841878,0.14507612887841878,0.016588321476382895,9.610315282182697,0.0020571251328939024,0.1248477192628364
lsa_2,0.04147238595881399,0.04147238595881399,0.014511879119002202,0.7701462020464951,0.3806432524204755,0.12286330700425013
char_tfidf_17,0.0924227067868303,0.0924227067868303,0.024513746346585208,3.8511510236263122,0.05033176230278668,0.12088156015011009
lsa_28,-0.0599045714634903,0.0599045714634903,0.006694980137952333,1.6098623679220494,0.2051714610510993,0.11774450677347914
word_tfidf_22,-0.010031784770479635,0.010031784770479635,0.005170820387588204,0.04498913499784886,0.8321206897214624,0.11567876879571475
word_tfidf_74,0.011102575705747514,0.011102575705747514,0.0,0.05510722563663318,0.8145108274390779,0.11484486956170321
word_tfidf_90,0.09030154458121077,0.09030154458121077,0.011101875029264852,3.6749699834665286,0.055872412487349865,0.11461468686196308
char_tfidf_14,-0.011877956487529897,0.011877956487529897,0.0,0.06307427398042467,0.8018167016133066,0.11343249361673753
char_tfidf_25,-0.04150437867331049,0.04150437867331049,0.0,0.7713369270930975,0.3802756063306525,0.11137869466560736
lsa_29,0.03505077563697428,0.03505077563697428,0.0,0.5498404323629168,0.45877229436584055,0.1101775393977404
word_tfidf_12,0.0771783780377237,0.0771783780377237,0.008952621136417704,2.6785109663565967,0.10241461026793351,0.10992379536285635
word_tfidf_84,-0.14433437214430303,0.14433437214430303,0.0,9.510208276425333,0.002169912447634613,0.10968778529855573
word_tfidf_47,-0.06926021454676241,0.06926021454676241,0.0009282213711467868,2.1545843538991196,0.14284817990970425,0.1080970660552749
char_tfidf_117,-0.11355241357598654,0.11355241357598654,0.0,5.838973940641578,0.016074663263832924,0.10718672590619306
char_tfidf_57,-0.06662607287243733,0.06662607287243733,0.017328476342665766,1.993095430679983,0.15871331607934067,0.10717208554307252
word_tfidf_1,0.08165288368041557,0.08165288368041557,0.005482449043084037,3.000238626969524,0.0839420829138782,0.10667686081939765
word_tfidf_32,-0.0475400049643637,0.0475400049643637,0.0006706585558007294,1.0125316504438062,0.31484148309826826,0.10661015294528098
char_tfidf_54,0.02204140879776638,0.02204140879776638,0.0,0.21726874900814414,0.6413559769525395,0.10659730004945402
word_tfidf_24,-0.06872867615730213,0.06872867615730213,0.0010844961936233855,2.1214841321281708,0.1459477821994148,0.10628167459638455
word_tfidf_21,0.03315479949943417,0.03315479949943417,0.010994012227026895,0.49190132421256666,0.4834453566332406,0.1048819386118733
char_tfidf_74,-0.15125892070583183,0.15125892070583183,0.03405266710299726,10.466495389355293,0.00130580984156498,0.10451894216470346
word_tfidf_57,0.14629033612853398,0.14629033612853398,0.011811732204269454,9.775387230192019,0.0018840143750740853,0.1032130750362021
char_tfidf_53,-0.02495244900601788,0.02495244900601788,0.0,0.278486638657876,0.597956691842795,0.10293826121762373
char_tfidf_19,0.08743446003454149,0.08743446003454149,0.0,3.443543958804397,0.06415734281679271,0.10158990596950246
word_tfidf_71,-0.10377572730670395,0.10377572730670395,0.005240860446911855,4.866329967007839,0.027893695741936904,0.10030729066569104
lex_ugc_density,-0.23767536161862166,0.23767536161862166,0.014993797829786049,26.762652059874192,3.4799146000853035e-07,0.10002406769283399
word_tfidf_38,-0.08815505449103944,0.08815505449103944,0.0,3.5009844417650835,0.06198540937846893,0.0998112056890554
lsa_21,-0.09475055099807406,0.09475055099807406,0.0,4.0493710149391795,0.04478715559637713,0.09876042002954573
lsa_20,-0.10849666503001634,0.10849666503001634,0.0,5.3245503508290986,0.02148302884880118,0.09860654968282938
book_大主宰,0.061698467349173655,0.061698467349173655,0.0,1.7080975066069541,0.19190433471462967,0.09633400873091208
char_tfidf_36,-0.0724253440084762,0.0724253440084762,0.007877431738139151,2.3570712666777567,0.12542361670017815,0.0909850987921747
char_tfidf_24,-0.2678648913286747,0.2678648913286747,0.061729757373420124,34.55213626346241,8.125610546530054e-09,0.08973801286349468
char_tfidf_93,-0.16796129447211913,0.16796129447211913,0.0016662168013334977,12.97639236792038,0.0003508431265442071,0.08824586291531604
book_斗破,0.22362252231566065,0.22362252231566065,0.008562154750719309,23.529798941693294,1.7013015721444588e-06,0.08799231856182244
word_tfidf_65,-0.024183262923069982,0.024183262923069982,0.0027120457724318925,0.2615720771579344,0.6092947071727677,0.0862222231116571
char_tfidf_69,0.07186454063162229,0.07186454063162229,0.0038387381421443045,2.320521314124346,0.1283843544450627,0.08097880763493409
word_tfidf_60,-0.04009753343800703,0.04009753343800703,0.0,0.7198494306399468,0.39664740767660234,0.07942998013257498
char_tfidf_89,0.04455711723808115,0.04455711723808115,0.013253691013418667,0.8892108863696488,0.34620060884694515,0.07497425924529061
char_tfidf_29,-0.022536863117913544,0.022536863117913544,0.024121710759319015,0.22715123146762892,0.6338771325994913,0.07276227746185016
char_tfidf_1,0.12852576834154336,0.12852576834154336,0.022180302669690066,7.507959315500821,0.006388597211229686,0.07150497844380542
lsa_26,-0.026921770177064895,0.026921770177064895,0.002549053953527558,0.3242124073544475,0.5693730824658556,0.07091829872089149
lsa_17,0.06852506013635457,0.06852506013635457,0.0,2.108873290698913,0.14714864265685057,0.06921198836911423
word_tfidf_93,-0.0192709181635681,0.0192709181635681,0.00011687879283761582,0.16606329487087182,0.683829535362722,0.06905958687952075
word_tfidf_39,-0.1322636896876842,0.1322636896876842,0.01209963084656418,7.958907177625809,0.0049982379394662105,0.06881020279050405
char_tfidf_50,0.0023841622300156953,0.0023841622300156953,0.0,0.0025408650468195884,0.9598205790688246,0.06812252841185198
char_tfidf_71,-0.01804173812344276,0.01804173812344276,0.04079384064128755,0.1455478050266084,0.7030081484841229,0.06341219549822213
word_tfidf_35,-0.049552253869976214,0.049552253869976214,0.021585041163828977,1.1002770096534236,0.29477211751647336,0.06195784422067874
word_tfidf_70,0.2543721558874744,0.2543721558874744,0.03626807049092995,30.924176403739953,4.624468915380857e-08,0.06050304429682243
char_tfidf_110,0.016813215259160068,0.016813215259160068,0.003567806941798368,0.1263955707175406,0.7223666112478653,0.05895949779986478
word_tfidf_28,0.0713515841473152,0.0713515841473152,0.0,2.2873436842387584,0.13113963426967276,0.057029004805961514
word_tfidf_19,-0.13110027911408623,0.13110027911408623,0.025736696249790914,7.817069775045894,0.005398527864921796,0.05692225123707842
word_tfidf_87,0.027697220420307096,0.027697220420307096,0.029066042534321657,0.3431730609137788,0.5582990226151663,0.05481679569586775
exclaim_per_1k,0.014325833840461655,0.014325833840461655,0.0,0.09175642443193034,0.7620969055613702,0.05476032365296519
word_tfidf_58,-0.19245736708626382,0.19245736708626382,0.01245727270179442,17.193657959101223,4.040167116957287e-05,0.053480982607798884
word_tfidf_18,0.050370377390792566,0.050370377390792566,0.0,1.137001961424254,0.28686230454792,0.053409161822321256
char_tfidf_95,-0.08895943565605503,0.08895943565605503,0.010276446290658825,3.565678189930047,0.0596329346020589,0.053068835075987496
char_tfidf_49,-0.01137586326019458,0.01137586326019458,0.0,0.057853875302156875,0.8100309815731075,0.05287867169050898
char_tfidf_18,0.037215736518562734,0.037215736518562734,0.0011101175763548188,0.6199585864341406,0.43147996158846413,0.05165603511423105
lsa_22,0.06463768781279522,0.06463768781279522,0.0037283852232348202,1.8754152590465036,0.17154375320852633,0.050397644997013276
char_tfidf_62,0.14216317331795417,0.14216317331795417,0.028193383449952814,9.220381734532657,0.002533296164588446,0.04999078515799485
char_tfidf_105,-0.07758993818272643,0.07758993818272643,0.010616640725739313,2.7073273809755287,0.10059116100631961,0.048595702506569104
char_tfidf_88,-0.11212982369517045,0.11212982369517045,0.0,5.691737287852387,0.017460461463173458,0.04773903470274166
char_tfidf_101,0.07798443805675315,0.07798443805675315,0.008186458669688923,2.735096631500445,0.0988675972833606,0.04752102168287505
lsa_6,-0.09379855305187691,0.09379855305187691,0.0,3.9676897470850436,0.046989307899063755,0.047137373312872356
word_tfidf_82,-0.03921291310355849,0.03921291310355849,0.0,0.6883891950719652,0.4071556793219717,0.04547657269211686
word_tfidf_31,-0.031750636252406914,0.031750636252406914,0.0,0.45107672914721253,0.5021710197108392,0.04479718181499257
char_tfidf_83,0.26315586515434514,0.26315586515434514,0.019493498110267238,33.25837739034162,1.5075109293106533e-08,0.04309323028133813
char_tfidf_60,-0.0810640261798077,0.0810640261798077,0.00012013109996833471,2.956835704385294,0.08620737280382751,0.04226453282689021
char_tfidf_111,0.11210871790301591,0.11210871790301591,0.0,5.689567549089728,0.017481783897396064,0.04225834056706932
char_tfidf_72,-0.14883994591579067,0.14883994591579067,0.014050815474657918,10.126882450328466,0.0015631099454245317,0.04044750858057161
word_tfidf_79,-0.1959617441312185,0.1959617441312185,0.03624438893093185,17.850735493694113,2.8973354209099106e-05,0.04034034402734384
word_tfidf_36,0.021424938939925985,0.021424938939925985,0.00261576893174853,0.20527974898947485,0.6507123600671684,0.03963979590895766
char_tfidf_98,-0.08943367813637641,0.08943367813637641,0.0,3.604104109157464,0.0582809039924907,0.03803772580649786
char_tfidf_35,0.02390610714839691,0.02390610714839691,0.0,0.25560745583060024,0.6134032858710241,0.03786814580296988
word_tfidf_23,-0.038058854609106095,0.038058854609106095,0.0,0.6484081610562331,0.42111048944426943,0.036278080472172486
lsa_3,-0.14550418388655256,0.14550418388655256,0.014721416543199695,9.668338908491357,0.001994502631217397,0.036098002043673624
char_tfidf_55,-0.05356540576833804,0.05356540576833804,0.007773238088216061,1.2862465210186518,0.2573486691273767,0.03556477029795334
char_tfidf_102,0.0923843816554272,0.0923843816554272,0.001148309256002067,3.8479302661957226,0.050427640649200176,0.033051528169969806
lsa_15,0.043807762900110896,0.043807762900110896,0.017533451219457596,0.8594961567115038,0.35438001763424987,0.03250496205358438
lsa_12,-0.0031000707744108682,0.0031000707744108682,0.0,0.004295907431996811,0.9477708363432136,0.03233546184208957
char_tfidf_48,-0.10714158174695446,0.10714158174695446,0.024546139904203956,5.1908427241576724,0.02317726233005716,0.03178979773122719
word_tfidf_41,-0.008207957020265647,0.008207957020265647,0.0,0.03011666860236094,0.8623043327605044,0.03152558328090718
book_万相,-0.16982114515284535,0.16982114515284535,0.022696616098510924,13.273942093541205,0.00030069140869348727,0.031036054940161425
word_tfidf_83,0.027611732085730662,0.027611732085730662,0.0,0.34105628765850804,0.5595147308099959,0.030740794574222505
word_tfidf_45,-0.0167447245642263,0.0167447245642263,0.011740863313668637,0.1253676042232239,0.7234512219302713,0.03045342712312032
question_per_1k,-0.21163597127651546,0.21163597127651546,0.017439918802738763,20.95981938937142,6.0876400831716264e-06,0.028440255704813316
word_tfidf_29,-0.12902880305332803,0.12902880305332803,0.0,7.567841811686653,0.006183223335865801,0.026272954460719103
word_tfidf_2,0.08165288368041557,0.08165288368041557,0.0,3.000238626969524,0.0839420829138782,0.0251023523718014
word_tfidf_89,0.028720482166750966,0.028720482166750966,0.0,0.3690195365675252,0.5438476568240933,0.020580106825616805
char_tfidf_46,-0.032316123035620065,0.032316123035620065,0.0,0.46730433898509677,0.4945841106113028,0.020252996263316666
n_sentences,-0.27634523282619644,0.27634523282619644,0.04614155392373087,36.958291726925765,2.5896861563742778e-09,0.017998332870205268
char_tfidf_96,0.1802877022058559,0.1802877022058559,0.006758621747380511,15.017249545072064,0.00012248501753682567,0.015019716644509263
char_tfidf_52,-0.09042878978522663,0.09042878978522663,0.032512028946792615,3.685419637161048,0.05552632836241436,0.014785941952084615
word_tfidf_27,0.052286586451920206,0.052286586451920206,0.018417998759363785,1.225397642724749,0.26889930444379634,0.014133013547622829
word_tfidf_40,-0.03545414441633323,0.03545414441633323,0.0,0.5625845379778678,0.45361535863308433,0.013778481914219702
char_tfidf_73,-0.14090943867685313,0.14090943867685313,0.0070516874647579275,9.055190103592093,0.002767586970038355,0.01223641521831705
char_tfidf_87,-0.18375858931896022,0.18375858931896022,0.025187297365873773,15.621439531450402,8.991114553349984e-05,0.011187104060339919
char_tfidf_90,-0.07038276364370355,0.07038276364370355,0.0,2.2253425918662035,0.13646791802305844,0.01006033111742828
mean_sentence_char_len,0.21161835291479641,0.21161835291479641,0.03446697189880599,20.956166191955525,6.098737245734932e-06,0.008771736251503825
word_tfidf_10,-0.024829598862499202,0.024829598862499202,0.00666554042152967,0.27574951596638475,0.5997611185734653,0.008460415922534317
sentiment_snownlp,0.020596758053730693,0.020596758053730693,0.009252961247761426,0.18970969958991232,0.663368584546866,0.0065627874253377
word_tfidf_62,-0.044759612333223044,0.044759612333223044,0.0018087330836324966,0.8973277615898972,0.34401105314397495,0.005324933190619771
char_tfidf_23,0.08286539009443036,0.08286539009443036,0.0,3.090625086801358,0.07942893002973232,0.003664080094486487
char_tfidf_22,0.09525862083999125,0.09525862083999125,0.018110838864536793,4.093313127227222,0.0436478345075357,0.0027844086913257934
word_tfidf_49,-0.07333774816515318,0.07333774816515318,0.0,2.4171566080228497,0.12072029047743864,0.0026809662910407205
char_tfidf_10,-0.007192301757096794,0.007192301757096794,0.0,0.023124150634528506,0.8792032771851888,0.0026296258066041953
char_tfidf_59,-0.1494840878259157,0.1494840878259157,0.013231155093556657,10.2167330860597,0.0014903951216232857,0.002290827286609133
